{
  "IcoMoonType": "selection",
  "icons": [
    {
      "icon": {
        "paths": [],
        "attrs": [],
        "width": 1186,
        "isMulticolor": false,
        "isMulticolor2": false,
        "grid": 0,
        "tags": [
          "calendar"
        ]
      },
      "attrs": [],
      "properties": {
        "order": 50,
        "id": 3,
        "name": "calendar",
        "prevSize": 20
      },
      "setIdx": 0,
      "setId": 2,
      "iconIdx": 0
    },
    {
      "icon": {
        "paths": [],
        "attrs": [],
        "width": 745,
        "isMulticolor": false,
        "isMulticolor2": false,
        "grid": 0,
        "tags": [
          "name-icon"
        ]
      },
      "attrs": [],
      "properties": {
        "order": 48,
        "id": 2,
        "name": "name-icon",
        "prevSize": 20
      },
      "setIdx": 0,
      "setId": 2,
      "iconIdx": 1
    },
    {
      "icon": {
        "paths": [],
        "attrs": [],
        "isMulticolor": false,
        "isMulticolor2": false,
        "grid": 0,
        "tags": [
          "telephone"
        ]
      },
      "attrs": [],
      "properties": {
        "order": 46,
        "id": 1,
        "name": "telephone",
        "prevSize": 20
      },
      "setIdx": 0,
      "setId": 2,
      "iconIdx": 2
    },
    {
      "icon": {
        "paths": [],
        "attrs": [],
        "width": 2654,
        "isMulticolor": false,
        "isMulticolor2": false,
        "grid": 0,
        "tags": [
          "Vector Smart Object copy"
        ]
      },
      "attrs": [],
      "properties": {
        "order": 45,
        "id": 0,
        "name": "Vector-Smart-Object-copy",
        "prevSize": 20
      },
      "setIdx": 0,
      "setId": 2,
      "iconIdx": 3
    }
  ],
  "height": 1024,
  "preferences": {
    "showGlyphs": true,
    "showQuickUse": true,
    "showQuickUse2": true,
    "showSVGs": true,
    "fontPref": {
      "prefix": "icon-",
      "metadata": {
        "fontFamily": "icomoon"
      },
      "metrics": {
        "emSize": 1024,
        "baseline": 6.25,
        "whitespace": 50
      },
      "embed": false
    },
    "imagePref": {
      "prefix": "icon-",
      "png": false,
      "useClassSelector": true,
      "color": 0,
      "bgColor": 16777215,
      "classSelector": ".icon2",
      "height": 32,
      "columns": 16,
      "margin": 16
    },
    "historySize": 50,
    "showCodes": true,
    "gridSize": 16
  }
}